{
  "overall": {
    "per": 0.5673307119373935,
    "per_std": 0.36541283732977375,
    "n_samples": 3553
  },
  "stratified": {
    "dysarthric_per": 0.5405415084218226,
    "dysarthric_n": 810,
    "control_per": 0.5752414865810727,
    "control_n": 2743
  },
  "per_speaker": {
    "MC02": {
      "per": 0.5996413035647873,
      "std": 0.4280498567014536,
      "n_samples": 1123
    },
    "MC04": {
      "per": 0.558327292462115,
      "std": 0.3213188273379021,
      "n_samples": 1620
    },
    "M03": {
      "per": 0.5405415084218226,
      "std": 0.35050766471582095,
      "n_samples": 810
    }
  },
  "error_analysis": {
    "error_counts": {
      "substitutions": 2833,
      "deletions": 376,
      "insertions": 21290,
      "correct": 8853
    },
    "common_confusions": [
      [
        [
          "IY",
          "IH"
        ],
        186
      ],
      [
        [
          "EH",
          "IH"
        ],
        183
      ],
      [
        [
          "AE",
          "IH"
        ],
        127
      ],
      [
        [
          "EY",
          "IH"
        ],
        80
      ],
      [
        [
          "G",
          "K"
        ],
        72
      ],
      [
        [
          "Y",
          "W"
        ],
        57
      ],
      [
        [
          "UW",
          "AA"
        ],
        47
      ],
      [
        [
          "AA",
          "AO"
        ],
        38
      ],
      [
        [
          "N",
          "T"
        ],
        27
      ],
      [
        [
          "D",
          "T"
        ],
        27
      ],
      [
        [
          "L",
          "T"
        ],
        24
      ],
      [
        [
          "JH",
          "CH"
        ],
        24
      ],
      [
        [
          "IH",
          "AH"
        ],
        23
      ],
      [
        [
          "D",
          "W"
        ],
        22
      ],
      [
        [
          "UW",
          "AO"
        ],
        21
      ],
      [
        [
          "AE",
          "W"
        ],
        20
      ],
      [
        [
          "AH",
          "W"
        ],
        20
      ],
      [
        [
          "IH",
          "T"
        ],
        19
      ],
      [
        [
          "P",
          "T"
        ],
        19
      ],
      [
        [
          "K",
          "T"
        ],
        18
      ]
    ],
    "deletion_phonemes": [
      [
        null,
        376
      ]
    ],
    "insertion_phonemes": [
      [
        null,
        21290
      ]
    ],
    "manner_summary": {
      "minor_same_manner": 10166,
      "major_cross_manner": 1520,
      "minor_ratio": 0.8699298305664899,
      "major_ratio": 0.13007016943351019
    },
    "rule_counts": {
      "S\u2192T": 1,
      "K\u2192T": 1
    }
  }
}