{
  "overall": {
    "per": 0.9901195643311235,
    "per_std": 0.05242714493585464,
    "n_samples": 3553
  },
  "stratified": {
    "dysarthric_per": 0.9909592872139554,
    "dysarthric_n": 810,
    "control_per": 0.9898715965822742,
    "control_n": 2743
  },
  "per_speaker": {
    "MC02": {
      "per": 0.9904229932325951,
      "std": 0.051910919771143066,
      "n_samples": 1123
    },
    "MC04": {
      "per": 0.9894893629783786,
      "std": 0.053754025810722195,
      "n_samples": 1620
    },
    "M03": {
      "per": 0.9909592872139554,
      "std": 0.050397164189588776,
      "n_samples": 810
    }
  },
  "error_analysis": {
    "error_counts": {
      "substitutions": 3358,
      "deletions": 0,
      "insertions": 29423,
      "correct": 195
    },
    "common_confusions": [
      [
        [
          "S",
          "CH"
        ],
        440
      ],
      [
        [
          "B",
          "CH"
        ],
        250
      ],
      [
        [
          "HH",
          "CH"
        ],
        209
      ],
      [
        [
          "W",
          "CH"
        ],
        200
      ],
      [
        [
          "F",
          "CH"
        ],
        188
      ],
      [
        [
          "R",
          "CH"
        ],
        183
      ],
      [
        [
          "DH",
          "CH"
        ],
        181
      ],
      [
        [
          "T",
          "CH"
        ],
        176
      ],
      [
        [
          "N",
          "CH"
        ],
        172
      ],
      [
        [
          "D",
          "CH"
        ],
        136
      ],
      [
        [
          "L",
          "CH"
        ],
        135
      ],
      [
        [
          "P",
          "CH"
        ],
        134
      ],
      [
        [
          "SH",
          "CH"
        ],
        117
      ],
      [
        [
          "K",
          "CH"
        ],
        104
      ],
      [
        [
          "G",
          "CH"
        ],
        92
      ],
      [
        [
          "M",
          "CH"
        ],
        89
      ],
      [
        [
          "AY",
          "CH"
        ],
        77
      ],
      [
        [
          "Y",
          "CH"
        ],
        75
      ],
      [
        [
          "IH",
          "CH"
        ],
        65
      ],
      [
        [
          "EH",
          "CH"
        ],
        53
      ]
    ],
    "deletion_phonemes": [],
    "insertion_phonemes": [
      [
        null,
        29423
      ]
    ],
    "manner_summary": {
      "minor_same_manner": 233,
      "major_cross_manner": 3320,
      "minor_ratio": 0.06557838446383338,
      "major_ratio": 0.9344216155361666
    },
    "rule_counts": {}
  }
}