{
  "avg_per": 0.6514032542086888,
  "wer": 0.7391950501956265,
  "overall": {
    "per_macro_speaker": 0.6514032542086888,
    "per_sample_mean": 0.6525074712363963,
    "wer": 0.7391950501956265,
    "ci": [
      0.6308056308525094,
      0.6770172058904033
    ],
    "std": 0.309349804008621,
    "n_samples": 3548,
    "n_speakers": 3
  },
  "symbolic_impact": {
    "per_neural": 0.33727233301002185,
    "per_constrained": 0.6514032542086888,
    "delta_per": -0.314130921198667
  },
  "articulatory_accuracy": {
    "manner": 0.0,
    "place": 0.0,
    "voice": 0.0
  },
  "stats": {
    "welch_t": -2.325778363421602,
    "welch_p": 0.020175635652423838,
    "wilcox_u": 1043070.5,
    "wilcox_p": 0.009609441087281477,
    "p_holm_corrected": [
      0.020175635652423838,
      0.019218882174562954
    ],
    "significant": true,
    "pearson_r_sev_per": -0.7587231535376364,
    "pearson_p_sev_per": 0.4516470793080785,
    "spearman_r_sev_per": -0.8660254037844387,
    "spearman_p_sev_per": 0.3333333333333332,
    "correlation_n_speakers": 3,
    "correlation_valid": false
  },
  "rule_impact": {
    "total_activations": 0,
    "activation_rate": 0.0,
    "high_confidence_corrections": [],
    "rule_frequency": {},
    "top_rules": [],
    "per_speaker_activations": {},
    "avg_confidence": 0.0
  },
  "stratified": {
    "dysarthric": {
      "per_sample": 0.6308056308525094,
      "per_speaker": 0.6308056308525094,
      "ci": [
        0.6106983727638131,
        0.6521840257279259
      ],
      "n": 810
    },
    "control": {
      "per_sample": 0.6589276650680064,
      "per_speaker": 0.6617020658867785,
      "ci": [
        0.6467271387597461,
        0.6701813821105452
      ],
      "n": 2738
    }
  },
  "by_length": {
    "dysarthric": {
      "0-5": {
        "mean_per": 0.5838435374149659,
        "n_samples": 588
      },
      "6-10": {
        "mean_per": 0.5805431547619048,
        "n_samples": 32
      },
      "11-20": {
        "mean_per": 0.7478180018296117,
        "n_samples": 50
      },
      "21+": {
        "mean_per": 0.7977448567619362,
        "n_samples": 140
      }
    },
    "control": {
      "0-5": {
        "mean_per": 0.6124472573839663,
        "n_samples": 1975
      },
      "6-10": {
        "mean_per": 0.5759259259259258,
        "n_samples": 63
      },
      "11-20": {
        "mean_per": 0.784959693678506,
        "n_samples": 187
      },
      "21+": {
        "mean_per": 0.8021244007244722,
        "n_samples": 513
      }
    }
  },
  "per_speaker": {
    "MC02": {
      "per": 0.6770172058904034,
      "ci": [
        0.6578182270393248,
        0.6964102947538394
      ],
      "std": 0.3397557039203672,
      "n_samples": 1121,
      "status": 0
    },
    "MC04": {
      "per": 0.6463869258831536,
      "ci": [
        0.6324299948410665,
        0.6602610075290405
      ],
      "std": 0.29056362687758824,
      "n_samples": 1617,
      "status": 0
    },
    "M03": {
      "per": 0.6308056308525094,
      "ci": [
        0.6104914967335714,
        0.6502509292511188
      ],
      "std": 0.29917229005318324,
      "n_samples": 810,
      "status": 1
    }
  },
  "error_analysis": {
    "error_counts": {
      "substitutions": 14663,
      "deletions": 6309,
      "insertions": 3400,
      "correct": 14908
    },
    "common_confusions": [
      [
        [
          "EH",
          "AH"
        ],
        160
      ],
      [
        [
          "D",
          "AH"
        ],
        153
      ],
      [
        [
          "T",
          "AH"
        ],
        143
      ],
      [
        [
          "Z",
          "AH"
        ],
        135
      ],
      [
        [
          "IH",
          "AH"
        ],
        129
      ],
      [
        [
          "IY",
          "AH"
        ],
        125
      ],
      [
        [
          "D",
          "T"
        ],
        122
      ],
      [
        [
          "AH",
          "IH"
        ],
        122
      ],
      [
        [
          "S",
          "AH"
        ],
        110
      ],
      [
        [
          "N",
          "T"
        ],
        105
      ],
      [
        [
          "R",
          "AH"
        ],
        105
      ],
      [
        [
          "EH",
          "IH"
        ],
        104
      ],
      [
        [
          "L",
          "AH"
        ],
        99
      ],
      [
        [
          "K",
          "AH"
        ],
        98
      ],
      [
        [
          "AE",
          "AH"
        ],
        97
      ],
      [
        [
          "ER",
          "AH"
        ],
        97
      ],
      [
        [
          "V",
          "AH"
        ],
        90
      ],
      [
        [
          "IY",
          "IH"
        ],
        87
      ],
      [
        [
          "T",
          "IH"
        ],
        85
      ],
      [
        [
          "AA",
          "AH"
        ],
        84
      ]
    ],
    "deletion_phonemes": [
      [
        null,
        6309
      ]
    ],
    "insertion_phonemes": [
      [
        null,
        3400
      ]
    ]
  },
  "uncertainty": {
    "computed": false,
    "n_samples": null,
    "entropy_mean": null,
    "entropy_std": null,
    "confidence_mean": null,
    "per_utterance": []
  }
}