{
  "per_per_fold": [
    0.08147037606760257,
    0.12926277457859026,
    0.14093325953818334,
    0.13610458943610695,
    0.2486944655813159,
    0.1392369046006119,
    0.15318894943584907,
    0.5281577982330027,
    0.5769942434680508,
    0.10159129609251608,
    0.5805538983738376,
    0.49675030048092267,
    0.4877561876730347,
    0.34384063144737625,
    0.1272423211711577
  ],
  "wer_per_fold": [
    0.08114961961115807,
    0.1337164380915588,
    0.16411331505671128,
    0.13664258141146193,
    0.21864003804089396,
    0.1542842350504789,
    0.17407113579267486,
    0.6871794871794872,
    0.66583504549457,
    0.1407912687585266,
    0.7014128187456926,
    0.6593979158626013,
    0.5934959349593496,
    0.36513061344291164,
    0.16747026679524268
  ],
  "n_samples_per_fold": [
    302,
    2185,
    1918,
    2151,
    1121,
    1666,
    1617,
    743,
    770,
    810,
    666,
    586,
    236,
    1087,
    673
  ],
  "fold_speakers": [
    "FC01",
    "FC02",
    "FC03",
    "MC01",
    "MC02",
    "MC03",
    "MC04",
    "M01",
    "M02",
    "M03",
    "M04",
    "M05",
    "F01",
    "F03",
    "F04"
  ],
  "macro_avg_per": 0.2847851997452106,
  "per_95ci": [
    0.1920921401261554,
    0.3801145490569191
  ],
  "macro_avg_wer": 0.3362220476195546,
  "weighted_avg_per": 0.22985999228906648,
  "weighted_avg_wer": 0.2631115524020264
}