{
  "avg_per": 0.4742378419209808,
  "wer": 0.6626429286342543,
  "overall": {
    "per_macro_speaker": 0.4742378419209808,
    "per_sample_mean": 0.4764805935379068,
    "wer": 0.6626429286342543,
    "ci": [
      0.4471126551642259,
      0.5023280495335773
    ],
    "std": 0.325151755974666,
    "n_samples": 3548,
    "n_speakers": 3
  },
  "symbolic_impact": {
    "per_neural": 0.30495371997833476,
    "per_constrained": 0.4742378419209808,
    "delta_per": -0.16928412194264603
  },
  "articulatory_accuracy": {
    "manner": 0.7857545045045045,
    "place": 0.7913851351351351,
    "voice": 0.923704954954955
  },
  "stats": {
    "welch_t": -2.9784377079622786,
    "welch_p": 0.0029486073124368674,
    "wilcox_u": 1033153.5,
    "wilcox_p": 0.0029080323967682086,
    "p_holm_corrected": [
      0.005816064793536417,
      0.005816064793536417
    ],
    "significant": true,
    "pearson_r_sev_per": -0.8504999418597294,
    "pearson_p_sev_per": 0.35259902762918466,
    "spearman_r_sev_per": -0.8660254037844387,
    "spearman_p_sev_per": 0.3333333333333332,
    "correlation_n_speakers": 3,
    "correlation_valid": false
  },
  "rule_impact": {
    "total_activations": 640,
    "activation_rate": 0.0,
    "high_confidence_corrections": [],
    "rule_frequency": {
      "D-><BLANK>": 10,
      "T-><BLANK>": 51,
      "F-><BLANK>": 3,
      "AA-><BLANK>": 67,
      "S-><BLANK>": 25,
      "P-><BLANK>": 11,
      "R-><BLANK>": 78,
      "L-><BLANK>": 35,
      "W-><BLANK>": 65,
      "AY-><BLANK>": 17,
      "N-><BLANK>": 19,
      "Y-><BLANK>": 1,
      "IH-><BLANK>": 16,
      "K-><BLANK>": 3,
      "AH->T": 4,
      "AH-><BLANK>": 32,
      "ER-><BLANK>": 2,
      "CH-><BLANK>": 2,
      "B-><BLANK>": 6,
      "AH->D": 1,
      "AO-><BLANK>": 4,
      "IY-><BLANK>": 6,
      "HH-><BLANK>": 7,
      "UW-><BLANK>": 1,
      "EY-><BLANK>": 57,
      "JH-><BLANK>": 4,
      "UW->IY": 1,
      "Z-><BLANK>": 3,
      "S->T": 4,
      "K->T": 2,
      "EH-><BLANK>": 49,
      "N->T": 2,
      "M-><BLANK>": 30,
      "AH->IH": 4,
      "S->P": 1,
      "AE-><BLANK>": 3,
      "IH->S": 3,
      "AE->T": 1,
      "M->R": 1,
      "AA->R": 1,
      "S->R": 1,
      "AA->K": 1,
      "IH->L": 1,
      "HH->R": 1,
      "R->IH": 1,
      "N->IH": 1,
      "L->AE": 1,
      "G-><BLANK>": 1
    },
    "top_rules": [
      [
        "R-><BLANK>",
        78
      ],
      [
        "AA-><BLANK>",
        67
      ],
      [
        "W-><BLANK>",
        65
      ],
      [
        "EY-><BLANK>",
        57
      ],
      [
        "T-><BLANK>",
        51
      ],
      [
        "EH-><BLANK>",
        49
      ],
      [
        "L-><BLANK>",
        35
      ],
      [
        "AH-><BLANK>",
        32
      ],
      [
        "M-><BLANK>",
        30
      ],
      [
        "S-><BLANK>",
        25
      ]
    ],
    "per_speaker_activations": {},
    "avg_confidence": 0.1307
  },
  "stratified": {
    "dysarthric": {
      "per_sample": 0.4471126551642259,
      "per_speaker": 0.4471126551642259,
      "ci": [
        0.42496610524613526,
        0.4698794808097388
      ],
      "n": 810
    },
    "control": {
      "per_sample": 0.48516869802391177,
      "per_speaker": 0.48780043529935824,
      "ci": [
        0.473197782498791,
        0.49697494006007187
      ],
      "n": 2738
    }
  },
  "by_length": {
    "dysarthric": {
      "0-5": {
        "mean_per": 0.34812925170068026,
        "n_samples": 588
      },
      "6-10": {
        "mean_per": 0.44661458333333326,
        "n_samples": 32
      },
      "11-20": {
        "mean_per": 0.6976540824156922,
        "n_samples": 50
      },
      "21+": {
        "mean_per": 0.7734777135397974,
        "n_samples": 140
      }
    },
    "control": {
      "0-5": {
        "mean_per": 0.38429535864978903,
        "n_samples": 1975
      },
      "6-10": {
        "mean_per": 0.47471655328798196,
        "n_samples": 63
      },
      "11-20": {
        "mean_per": 0.7415119646839735,
        "n_samples": 187
      },
      "21+": {
        "mean_per": 0.7813619524426729,
        "n_samples": 513
      }
    }
  },
  "per_speaker": {
    "MC02": {
      "per": 0.5023280495335773,
      "ci": [
        0.4835266662558878,
        0.5222474607627181
      ],
      "std": 0.32963036450271876,
      "n_samples": 1121,
      "status": 0
    },
    "MC04": {
      "per": 0.4732728210651392,
      "ci": [
        0.45820226936167674,
        0.4901347604912135
      ],
      "std": 0.3246855467977361,
      "n_samples": 1617,
      "status": 0
    },
    "M03": {
      "per": 0.4471126551642259,
      "ci": [
        0.42538475307385165,
        0.46895704019467727
      ],
      "std": 0.31695802159626846,
      "n_samples": 810,
      "status": 1
    }
  },
  "error_analysis": {
    "error_counts": {
      "substitutions": 13736,
      "deletions": 4248,
      "insertions": 3864,
      "correct": 15371
    },
    "common_confusions": [
      [
        [
          "D",
          "T"
        ],
        148
      ],
      [
        [
          "D",
          "AH"
        ],
        143
      ],
      [
        [
          "T",
          "AH"
        ],
        130
      ],
      [
        [
          "IH",
          "AH"
        ],
        126
      ],
      [
        [
          "EH",
          "AH"
        ],
        126
      ],
      [
        [
          "S",
          "AH"
        ],
        123
      ],
      [
        [
          "IY",
          "AH"
        ],
        122
      ],
      [
        [
          "Z",
          "AH"
        ],
        111
      ],
      [
        [
          "R",
          "AH"
        ],
        105
      ],
      [
        [
          "L",
          "AH"
        ],
        103
      ],
      [
        [
          "EH",
          "IH"
        ],
        102
      ],
      [
        [
          "AH",
          "T"
        ],
        97
      ],
      [
        [
          "N",
          "T"
        ],
        94
      ],
      [
        [
          "AE",
          "AH"
        ],
        92
      ],
      [
        [
          "K",
          "AH"
        ],
        89
      ],
      [
        [
          "N",
          "AH"
        ],
        88
      ],
      [
        [
          "ER",
          "AH"
        ],
        87
      ],
      [
        [
          "AA",
          "AH"
        ],
        80
      ],
      [
        [
          "F",
          "AH"
        ],
        77
      ],
      [
        [
          "ER",
          "R"
        ],
        77
      ]
    ],
    "deletion_phonemes": [
      [
        null,
        4248
      ]
    ],
    "insertion_phonemes": [
      [
        null,
        3864
      ]
    ]
  },
  "uncertainty": {
    "computed": false,
    "n_samples": null,
    "entropy_mean": null,
    "entropy_std": null,
    "confidence_mean": null,
    "per_utterance": []
  }
}