{
  "avg_per": 0.13721004815590568,
  "wer": 0.13718115920050955,
  "overall": {
    "per_macro_speaker": 0.13721004815590568,
    "per_sample_mean": 0.14111219873202135,
    "wer": 0.13718115920050955,
    "ci": [
      0.07710654430716472,
      0.20708645412742896
    ],
    "std": 0.24501152791895298,
    "n_samples": 3548,
    "n_speakers": 3
  },
  "symbolic_impact": {
    "per_neural": 0.1450647422043579,
    "per_constrained": 0.13721004815590568,
    "delta_per": 0.00785469404845221,
    "paired_delta_constrained_minus_neural": {
      "delta_mean": -0.00395254347233655,
      "ci_95_low": -0.005822116759164974,
      "ci_95_high": -0.002185343758610047,
      "p_value_two_sided": 0.0
    },
    "ci_95_delta_per": [
      -0.005822116759164974,
      -0.002185343758610047
    ],
    "p_value_neural_vs_constrained": 0.0
  },
  "articulatory_accuracy": {
    "manner": 0.759009009009009,
    "place": 0.8003941441441441,
    "voice": 0.9439752252252253
  },
  "stats": {
    "welch_t": -9.532729450414172,
    "welch_p": 5.4884755185451e-21,
    "wilcox_u": 879541.5,
    "wilcox_p": 1.1913832567154267e-22,
    "p_holm_corrected": [
      5.4884755185451e-21,
      2.3827665134308533e-22
    ],
    "significant": true,
    "pearson_r_sev_per": -0.7942044831300787,
    "pearson_p_sev_per": 0.4157757608491962,
    "spearman_r_sev_per": -0.8660254037844387,
    "spearman_p_sev_per": 0.3333333333333332,
    "correlation_n_speakers": 3,
    "correlation_valid": false,
    "p_value_neural_vs_constrained": 0.0,
    "ci_95_delta_per": [
      -0.005822116759164974,
      -0.002185343758610047
    ]
  },
  "rule_impact": {
    "total_activations": 386,
    "activation_rate": 0.0,
    "high_confidence_corrections": [],
    "rule_frequency": {
      "AO->R": 1,
      "IH-><BLANK>": 4,
      "T-><BLANK>": 70,
      "S-><BLANK>": 15,
      "N-><BLANK>": 12,
      "AA-><BLANK>": 7,
      "P-><BLANK>": 5,
      "OW-><BLANK>": 12,
      "D-><BLANK>": 10,
      "G->D": 1,
      "Z-><BLANK>": 3,
      "AH->B": 1,
      "DH-><BLANK>": 5,
      "F-><BLANK>": 7,
      "AY-><BLANK>": 9,
      "IH->P": 2,
      "EH-><BLANK>": 5,
      "IH->NG": 1,
      "N->Y": 1,
      "R-><BLANK>": 57,
      "W-><BLANK>": 4,
      "AH-><BLANK>": 48,
      "EY-><BLANK>": 6,
      "AO-><BLANK>": 3,
      "EY->R": 1,
      "IY-><BLANK>": 18,
      "IY->TH": 1,
      "B-><BLANK>": 3,
      "IH->T": 1,
      "L-><BLANK>": 8,
      "JH-><BLANK>": 4,
      "ER-><BLANK>": 6,
      "AH->G": 1,
      "AW-><BLANK>": 1,
      "NG-><BLANK>": 2,
      "SH-><BLANK>": 1,
      "L->AH": 1,
      "AE->P": 1,
      "HH-><BLANK>": 3,
      "K-><BLANK>": 10,
      "UW->P": 1,
      "AE->R": 1,
      "M-><BLANK>": 8,
      "AH->V": 1,
      "AH->T": 2,
      "UW-><BLANK>": 3,
      "AE-><BLANK>": 3,
      "D->T": 1,
      "Y-><BLANK>": 3,
      "AH->P": 1,
      "Z->HH": 1,
      "CH-><BLANK>": 1,
      "G-><BLANK>": 2,
      "OW->K": 1,
      "IY->D": 1,
      "UW->Y": 1,
      "IH->V": 1,
      "V-><BLANK>": 1,
      "AH->N": 1,
      "N->M": 1
    },
    "top_rules": [
      [
        "T-><BLANK>",
        70
      ],
      [
        "R-><BLANK>",
        57
      ],
      [
        "AH-><BLANK>",
        48
      ],
      [
        "IY-><BLANK>",
        18
      ],
      [
        "S-><BLANK>",
        15
      ],
      [
        "N-><BLANK>",
        12
      ],
      [
        "OW-><BLANK>",
        12
      ],
      [
        "D-><BLANK>",
        10
      ],
      [
        "K-><BLANK>",
        10
      ],
      [
        "AY-><BLANK>",
        9
      ]
    ],
    "per_speaker_activations": {},
    "avg_blend_weight": 0.124,
    "avg_prediction_confidence": 0.3975,
    "rule_precision_proxy": 0.09160090191657272,
    "rule_harm_rate_proxy": 0.037767756482525366
  },
  "stratified": {
    "dysarthric": {
      "per_sample": 0.07710654430716472,
      "per_speaker": 0.07710654430716472,
      "ci": [
        0.06371464279459102,
        0.09125197370160824
      ],
      "n": 810
    },
    "control": {
      "per_sample": 0.16004739963930176,
      "per_speaker": 0.16726180008027614,
      "ci": [
        0.14986426418617066,
        0.16907585831738545
      ],
      "n": 2738
    }
  },
  "by_length": {
    "dysarthric": {
      "0-5": {
        "mean_per": 0.06587301587301586,
        "n_samples": 588
      },
      "6-10": {
        "mean_per": 0.04352678571428571,
        "n_samples": 32
      },
      "11-20": {
        "mean_per": 0.07405063185868141,
        "n_samples": 50
      },
      "21+": {
        "mean_per": 0.13305413442627773,
        "n_samples": 140
      }
    },
    "control": {
      "0-5": {
        "mean_per": 0.17124894514767933,
        "n_samples": 1975
      },
      "6-10": {
        "mean_per": 0.13312547241118666,
        "n_samples": 63
      },
      "11-20": {
        "mean_per": 0.11964154544740958,
        "n_samples": 187
      },
      "21+": {
        "mean_per": 0.1349575824272344,
        "n_samples": 513
      }
    }
  },
  "by_severity": {
    "normal": {
      "mean_per": 0.16726180008027614,
      "ci": [
        0.1274371460331233,
        0.20708645412742896
      ],
      "n_speakers": 2,
      "speakers": [
        "MC02",
        "MC04"
      ]
    },
    "mild": {
      "mean_per": 0.0,
      "ci": [
        0.0,
        0.0
      ],
      "n_speakers": 0,
      "speakers": []
    },
    "moderate": {
      "mean_per": 0.0,
      "ci": [
        0.0,
        0.0
      ],
      "n_speakers": 0,
      "speakers": []
    },
    "severe": {
      "mean_per": 0.07710654430716472,
      "ci": [
        0.07710654430716472,
        0.07710654430716472
      ],
      "n_speakers": 1,
      "speakers": [
        "M03"
      ]
    },
    "profound": {
      "mean_per": 0.0,
      "ci": [
        0.0,
        0.0
      ],
      "n_speakers": 0,
      "speakers": []
    }
  },
  "per_by_manner": {
    "vowel": {
      "per": 0.148,
      "n_ref": 11520,
      "n_sub": 1001,
      "n_del": 704
    },
    "diphthong": {
      "per": 0.1241,
      "n_ref": 878,
      "n_sub": 83,
      "n_del": 26
    },
    "stop": {
      "per": 0.114,
      "n_ref": 6844,
      "n_sub": 326,
      "n_del": 454
    },
    "fricative": {
      "per": 0.0872,
      "n_ref": 5490,
      "n_sub": 232,
      "n_del": 247
    },
    "nasal": {
      "per": 0.0739,
      "n_ref": 2991,
      "n_sub": 122,
      "n_del": 99
    },
    "liquid": {
      "per": 0.073,
      "n_ref": 3714,
      "n_sub": 174,
      "n_del": 97
    },
    "glide": {
      "per": 0.064,
      "n_ref": 1156,
      "n_sub": 15,
      "n_del": 59
    },
    "affricate": {
      "per": 0.0503,
      "n_ref": 378,
      "n_sub": 17,
      "n_del": 2
    }
  },
  "rule_pair_confusion": {
    "D->T": {
      "neural_count": 45,
      "constrained_count": 42,
      "delta": 3,
      "rule_weight": 0.82
    },
    "S->T": {
      "neural_count": 9,
      "constrained_count": 7,
      "delta": 2,
      "rule_weight": 0.55
    },
    "B->P": {
      "neural_count": 3,
      "constrained_count": 4,
      "delta": -1,
      "rule_weight": 0.85
    },
    "G->D": {
      "neural_count": 4,
      "constrained_count": 5,
      "delta": -1,
      "rule_weight": 0.65
    },
    "NG->N": {
      "neural_count": 20,
      "constrained_count": 21,
      "delta": -1,
      "rule_weight": 0.6
    },
    "SH->S": {
      "neural_count": 0,
      "constrained_count": 1,
      "delta": -1,
      "rule_weight": 0.6
    },
    "R->W": {
      "neural_count": 4,
      "constrained_count": 5,
      "delta": -1,
      "rule_weight": 0.7
    },
    "DH->D": {
      "neural_count": 2,
      "constrained_count": 1,
      "delta": 1,
      "rule_weight": 0.58
    },
    "IY->IH": {
      "neural_count": 11,
      "constrained_count": 10,
      "delta": 1,
      "rule_weight": 0.45
    },
    "EY->EH": {
      "neural_count": 4,
      "constrained_count": 3,
      "delta": 1,
      "rule_weight": 0.42
    },